{
  "__type__": "cc.SpriteFrame",
  "content": {
    "name": "toast",
    "atlas": "",
    "rect": {
      "x": 6,
      "y": 0,
      "width": 528,
      "height": 90
    },
    "offset": {
      "x": 0.5,
      "y": 0
    },
    "originalSize": {
      "width": 539,
      "height": 90
    },
    "rotated": false,
    "capInsets": [
      0,
      0,
      0,
      0
    ],
    "vertices": {
      "rawPosition": [
        -264,
        -45,
        0,
        264,
        -45,
        0,
        -264,
        45,
        0,
        264,
        45,
        0
      ],
      "indexes": [
        0,
        1,
        2,
        2,
        1,
        3
      ],
      "uv": [
        6,
        90,
        534,
        90,
        6,
        0,
        534,
        0
      ],
      "nuv": [
        0.011131725417439703,
        0,
        0.9907235621521335,
        0,
        0.011131725417439703,
        1,
        0.9907235621521335,
        1
      ],
      "minPos": {
        "x": -264,
        "y": -45,
        "z": 0
      },
      "maxPos": {
        "x": 264,
        "y": 45,
        "z": 0
      }
    },
    "texture": "ef58b575-d5bd-4b6b-ac05-6364e90ff8fc@6c48a",
    "packable": true,
    "pixelsToUnit": 100,
    "pivot": {
      "x": 0.5,
      "y": 0.5
    },
    "meshType": 0
  }
}